describe_product,price,sold_out,province
(ลูกค้าใหม่ 1 บาท) เสื้อ+กางเกงขาสั้น ผ้าเบา ไม่หด ไม่ย้วย เสื้อยืดคอกลมสีพื้น ชุดกีฬาผู้ชาย ชุดซื้อ 2 ชิ้น ลด ฿5,฿129 - ฿149,ขายแล้ว 43พัน ชิ้น,จังหวัดกรุงเทพมหานคร
ชุดสูทแขนสั้นผู้ชายฤดูร้อนปี 2022 ใหม่ลำลองสำหรับบุรุษสองชิ้นเวอร์ชั่นเกาหลีของเยาวชนผ้าไหมน้ำแข็งชุดกีฬาผู้ชาย,฿755,,จังหวัดกำแพงเพชร
เด็กชุดแขนสั้นผ้าฝ้ายฤดูร้อนชายฤดูร้อนเสื้อผ้าเกาหลีรุ่นเสื้อผ้าเด็กหญิงเสื้อยืดเด็กเสื้อผ้าขายส่ง,฿198,,จังหวัดชุมพร
ใส่ก็ผอม เสื้อกล้ามผู้ชาย (S-XXXL) รัดหน้าท้อง เก็บพุงโดยเฉพาะ ปรับระดับความกระชับได้ เสื้อกล้ามรัดหน้าท้องสำหรับผู้ชายซื้อ 2 ชิ้น ลด 3%,฿378฿189,ขายแล้ว 32 ชิ้น,จังหวัดสมุทรปราการ
เสื้อผ้าเด็กผู้หญิง(เดรส​/รอม​ วินเทจ)​โค้ดลด ฿90ซื้อ 2 ชิ้น ลด 10%,"฿1,290",,จังหวัดนนทบุรี
��🔥กางเกงขาสั้นเอวยืด brng brng 🔥🔥ใส่สบาย ราคาถูก ส่งไว มีบริการเก็บเงินปลายทางจ้ะ,฿39 - ฿49,ขายแล้ว 94.8พัน ชิ้น,จังหวัดแพร่
ใหม่！ยอดฮิตเสื้อทีเชิร์ตเสื้อยืดคอกลมแฟชั่นT-342-,฿26 - ฿45,ขายแล้ว 1.9พัน ชิ้น,จังหวัดสมุทรสาคร
T0028 ใหม่2020ยอดฮิต เสื้อผ้าคุณผู้หญิงและคุณผู้ชาย เสื้อยืดคอกลมแฟชั่นunisex เสื้อแขนสั้นใส่ได้ทั้งผู้หญิงแ,฿25 - ฿48,ขายแล้ว 15.9พัน ชิ้น,จังหวัดสมุทรสาคร
พร้อมส่ง กางเกงขาสั้นผู้ชาย กางเกงผู้ชาย ผ้าฝ้าย  ผ้าดี สีไม่ตก ทรงสวย ผ้าฟอก,฿259฿169,ขายแล้ว 43.7พัน ชิ้น,จังหวัดกรุงเทพมหานคร
T0019 มี7สีให้เลือกSize(S-2XL)ใหม่2020ยอดฮิต เสื้อผ้าคุณผู้หญิงและคุณผู้ชาย เสื้อทีเชิ๊ต เสื้อยืดคอกลมแฟชั่นunisex เสื้อ,฿25 - ฿48,ขายแล้ว 10.7พัน ชิ้น,จังหวัดสมุทรสาคร
T1 กางเกงขาสั้น สีพื้น เอวกระดุมโลหะ-ซิป มีกระเป๋าข้าง/หลัง (ยาว 21 นิ้ว)ส่วนลด 5%ขายส่ง,฿200฿88,ขายแล้ว 25.6พัน ชิ้น,จังหวัดปทุมธานี
T0234 เสื้อยืดคอกลมแฟชั่น  เสื้อยอดฮิตลายเสื้อแขนสั้นเสื้อแขนสั้นใส่ได้ทั้งผู้หญิงและชาย ลายแฟชั่น เสื้อผ้าแฟชั่นนานาชาต,฿25 - ฿48,ขายแล้ว 1.4พัน ชิ้น,จังหวัดสมุทรสาคร
เสื้อยืดแขนสั้นคอกลมชายลายเท่ห์ๆสายแบดบอย(อ่านรายละเอียดก่อนสั่ง),฿32 - ฿62,ขายแล้ว 25.4พัน ชิ้น,จังหวัดสมุทรสาคร
เสื้อยืดชาย oversize คอกลม แขนสั้นส่วนลด 50%,฿79฿75,ขายแล้ว 48.4พัน ชิ้น,จังหวัดกรุงเทพมหานคร
"ใส่โค้ด 615FASH150 ลด150 เสื้อเชิ้ตเกาหลี แขนสั้น สีพื้น ผ้านิ่มนุ่ม เบา ใส่สบาย ไม่ต้องรีด ระบายความร้อนได้ยอดเยี่ยม฿108 | 7 ก.ค.,00:00",฿124 - ฿184,ขายแล้ว 52.5พัน ชิ้น,จังหวัดนนทบุรี
"[ลด 15% โค้ด SPPDAYH15] โฉมใหม่กระดุมสีเดียวกับเสื้อ S1: เสื้อเชิ้ตเกาหลี แขนสั้น สีพื้น มีไซซ์ M L XL XXLชาย/หญิง฿88 | 7 ก.ค.,00:00",฿119 - ฿125,ขายแล้ว 179.9พัน ชิ้น,จังหวัดสมุทรปราการ
เสื้อยืดคอกลมแขนสั้นสกรีนลาย เสื้อยืดแฟชั่นผู้ชาย เสื้อแนวสตรีท(อ่านไซด์ก่อนสั่ง )ส่วนลด 5%,฿35 - ฿62,ขายแล้ว 74.2พัน ชิ้น,จังหวัดสมุทรสาคร
T0018 มี7สีให้เลือกSize(S-2XL)ใหม่2020ยอดฮิต เสื้อผ้าคุณผู้หญิงและคุณผู้ชาย เสื้อทีเชิ๊ต เสื้อยืดคอกลมแฟชั่นunisex เสื้อ,฿25 - ฿48,ขายแล้ว 1.5พัน ชิ้น,จังหวัดสมุทรสาคร
D32เสื้อแขนสั้นใส่ได้ทั้งผู้หญิงและชายเสื้อผ้าแฟชั,฿29 - ฿59,ขายแล้ว 90 ชิ้น,จังหวัดสมุทรสาคร
ใส่โค้ด FKNJ40 ลด 30 บาท เสื้อฮาวาย เสื้อเชิ้ต hawaii เชิ๊ตเกาหลี สินค้ามาใหม่ ผ้านิ่มขึ้น สไตล์เกาหลีมาแรง พร้อมส่งริ้ว,฿250฿149,ขายแล้ว 1.8พัน ชิ้น,จังหวัดปทุมธานี
TS MEN เสื้อยืดคอกลมแขนสั้น เสื้อยืดผู้ชาย(มี3สี)รุ่น 0088ส่วนลด 5%,฿159฿74,ขายแล้ว 16.6พัน ชิ้น,จังหวัดกรุงเทพมหานคร
TS MEN เสื้อยืดแขนยาว เสื้อยืดคอกลม ใส่ได้ทั้งหญิงทั้งชาย มี2สี รุ่น0085ส่วนลด 5%,฿199฿87,ขายแล้ว 11.3พัน ชิ้น,จังหวัดกรุงเทพมหานคร
SUNDAY2020 🎀 เสื้อยืดลายทาง สไตล์หนุ่มเกาหลี 🐻‍❄️ตะมุตะมิเอาใจสาวมากจ้า มี 3 สีซอฟต์โทน ดูดีมากจ้าส่วนลด 5%,฿94,ขายแล้ว 5.5พัน ชิ้น,จังหวัดกรุงเทพมหานคร
SUNDAY2020 🎀 เสื้อยืดลาย 3 Color เท่เกินเบอร์ขนาดนี้ 🥰 เนื้อผ้างานดีหนุ่มๆต้องมีไว้แล้วนะ 🥰ส่วนลด 5%,฿94,ขายแล้ว 12.9พัน ชิ้น,จังหวัดกรุงเทพมหานคร
��ขายดี🔥 PlayBoy เสื้อยืดเพลย์บอย Cotton100% ✨️(PB.009-019),฿99 - ฿169,ขายแล้ว 175 ชิ้น,จังหวัดนครปฐม
เสื้อคู่ชายหญิงวินเทจ แขนสั้น oversize เสื้อผ้าแฟชั่นสไตล์เกาหลี ทรงหลวม  เสื้อยืดโอเวอร์ไซส์ผู้หญิงเท่ สกรีนลายการ์ตูนส่วนลด 5%ขายส่ง,฿159฿99,ขายแล้ว 733 ชิ้น,จังหวัดกรุงเทพมหานคร
ใส่โค้ด FKNJ40 ลด 30 บาท เสื้อฮาวาย เสื้อเชิ้ต hawaii เชิ๊ตเกาหลี สินค้ามาใหม่ ผ้านิ่มขึ้น สไตล์เกาหลีมาแรง พร้อมส่ง FKช้อปเพิ่มคุ้มกว่า,฿250฿149,ขายแล้ว 38พัน ชิ้น,จังหวัดปทุมธานี
�� URTHE // BEST SELLER 🔥 รวมสินค้าขายดี ไม่ต้องเสียเวลาหาส่วนลด 5%,฿200 - ฿350,ขายแล้ว 8.3พัน ชิ้น,จังหวัดกรุงเทพมหานคร
��เสื้อโอเวอร์ไซส์ Oversize🔥 (รูปถ่ายสินค้าจริง) เสื้อยืดสีพื้น สไตล์เกาหลี หลากสี ชาย/หญิง ใส่ได้,฿139,ขายแล้ว 784 ชิ้น,จังหวัดกรุงเทพมหานคร
T0103 เสื้อยืดคอกลมแฟชั่น  เสื้อยอดฮิตลายเสื้อแขนสั้นเสื้อแขนสั้นใส่ได้ทั้งผู้หญิงและชาย ลายแฟชั่น เสื้อผ้าแฟชั่นนานาชาต,฿25 - ฿48,ขายแล้ว 1.2พัน ชิ้น,จังหวัดสมุทรสาคร
(ลูกค้าใหม่ 1 บาท) เสื้อ+กางเกงขาสั้น ผ้าเบา ไม่หด ไม่ย้วย เสื้อยืดคอกลมสีพื้น ชุดกีฬาผู้ชาย ชุดซื้อ 2 ชิ้น ลด ฿5,฿129 - ฿149,ขายแล้ว 43พัน ชิ้น,จังหวัดกรุงเทพมหานคร
Universal Studios Men Casper The Friendly Ghost Glow In The Dark T-Shirt - เสื้อผู้ชายยูนิเวอร์แซล สตูดิโอ แคสเปอร์  สินค้าลิขสิทธ์แท้100% characters studioโค้ดลด ฿50ออกใบกำกับภาษี,฿590฿295,ขายแล้ว 323 ชิ้น,จังหวัดกรุงเทพมหานคร
TS MEN เสื้อยืดคอกลมแขนสั้น เสื้อยืดคอกลม ใส่ได้ทั้งหญิงทั้งชาย(มี7สี)รุ่น NTC23ส่วนลด 5%,฿159฿73,ขายแล้ว 5.6พัน ชิ้น,จังหวัดกรุงเทพมหานคร
กางเกงขาสั้นผู้ชาย กางเกงผู้ชาย,฿199,ขายแล้ว 300 ชิ้น,จังหวัดกรุงเทพมหานคร
T0502 เสื้อยืดคอกลมแฟชั่น  เสื้อยอดฮิตลายเสื้อแขนสั้นเสื้อแขนสั้นใส่ได้ทั้งผู้หญิงและชาย ลายแฟชั่น เสื้อผ้าแฟชั่นนานาชาต,฿25 - ฿48,ขายแล้ว 1.1พัน ชิ้น,จังหวัดสมุทรสาคร
พร้อมส่ง💖เสื้อคู่ชายหญิงน่ารัก oversize เสื้อผ้าวินเทจวัยรุ่น แฟชั่นเกาหลี เสื้อโอเวอร์ไซส์แขนสั้นลายการ์ตูน สตรีท  xxlส่วนลด 5%ช้อปเพิ่มคุ้มกว่า,฿89 - ฿95,ขายแล้ว 43.2พัน ชิ้น,จังหวัดกรุงเทพมหานคร
TS MEN เสื้อยืดคอกลมแขนสั้น เสื้อยืดผู้ชาย(มี3สี)รุ่น 0091ส่วนลด 5%,฿159฿74,ขายแล้ว 11.1พัน ชิ้น,จังหวัดกรุงเทพมหานคร
ญี่ปุ่นและเกาหลีล่าสุดง  ราคาถูกที่สุด  สื้อแขนสั้นผู้ชาย  เสื้อ  2สี  Size  M~3XLส่วนลด 20%,฿69 - ฿89,ขายแล้ว 17.4พัน ชิ้น,จังหวัดกรุงเทพมหานคร
ใส่โค้ด 615FASH150 ลด150 เสื้อเชิ้ตเกาหลี🌟 แขนยาว🌟 สีพื้น ผ้านิ่มนุ่ม เบา ใส่สบาย ไม่ต้องรีด ระบายความร้อนได้ยอดเยี่ยมโค้ดลด ฿20,฿155 - ฿215,ขายแล้ว 12.6พัน ชิ้น,จังหวัดนนทบุรี
Leoman เสื้อยืดคอกลม แขนยาว ผ้าเนื้อนุ่ม แต่งสกรีนลายด้านหน้า  รุ่น 860,฿199฿79,ขายแล้ว 877 ชิ้น,จังหวัดกรุงเทพมหานคร
เสื้อเชิ้ตแขนยาว ลายสก๊อต ทรงหลวม สไตล์เกาหลี สำหรับผู้ชาย ไซซ์ M-3XLส่วนลด 10%,฿298฿126,ขายแล้ว 8.8พัน ชิ้น,ต่างประเทศ
【Flash Sale】M-4XL เสื้อยืด ลายเเมว แขนสั้น คอกลม สำหรับทุกเพศ 2 สี Summer Men Short Sleeve T-shirt Korean,฿59 - ฿79,ขายแล้ว 16.5พัน ชิ้น,ต่างประเทศ
jafastore เสื้อเชิ้ตสีพื้นสไตล์เกาหลี 🇰🇷 เสื้อเชิ้ตผู้ชาย เชิ้ตสีพื้นมินิมอลส่วนลด 50%ช้อปเพิ่มคุ้มกว่า,฿220฿99,ขายแล้ว 31พัน ชิ้น,จังหวัดกรุงเทพมหานคร
⚡️ พร้อมส่ง⚡️เสื้อทีเชิร์ตเสื้อยืดคอกลมแฟชั่น มี 10 สีให้เลือก (ใส่ได้ทั้งหญิงและชาย),฿25 - ฿45,ขายแล้ว 14.9พัน ชิ้น,จังหวัดสมุทรสาคร
##สินค้าพร้อมส่ง## เสื้อผ้าแฟชั่นผู้ชาย  เสื้อผู้ชายแขนยาวคอกลม สีพื้นไม่มีสกรีน (TSH-018) /เสื้อสกรีนCODDI (TSH-016)ช้อปเพิ่มคุ้มกว่า,฿117 - ฿129,ขายแล้ว 1พัน ชิ้น,จังหวัดนครปฐม
เสื้อทีเชิร์ตเสื้อยืดคอกลมแฟชั่นSport+การ์ตูนน่ารัก ⚡️ พร้อมส่ง⚡️,฿26 - ฿45,ขายแล้ว 8.7พัน ชิ้น,จังหวัดสมุทรสาคร
T0169 ใหม่2020ยอดฮิต เสื้อผ้าคุณผู้หญิงและคุณผู้ชาย เสื้อทีเชิ๊ต เสื้อยืดคอกลมแฟชั่นunisex เสื้อแขนสั้นใส่ได้ทั้งผู้หญิ,฿25 - ฿48,ขายแล้ว 1.7พัน ชิ้น,จังหวัดสมุทรสาคร
T0025 มี7สีให้เลือกSize(S-2XL)เสื้อผ้าคุณผู้หญิงและคุณผู้ชาย เสื้อทีเชิ๊ต เสื้อยืดคอกลมแฟชั่นunisexเสื้อแขนสั้น เสื่อคู่,฿25 - ฿48,ขายแล้ว 4.8พัน ชิ้น,จังหวัดสมุทรสาคร
เสื้อยืดคอกลมแฟชั่นunisex เสื้อแขนสั้นใส่ได้ทั้งผู้หญิงและชายT-38844,฿26 - ฿45,ขายแล้ว 2.3พัน ชิ้น,จังหวัดสมุทรสาคร
GIORDANO กางเกงขาสั้นผู้ชาย - Men's Elastic Waist Bermuda Shorts 01101205ส่วนลด 15%ออกใบกำกับภาษี,฿890฿712,ขายแล้ว 241 ชิ้น,จังหวัดกรุงเทพมหานคร
LHSunshine 🌞 เสื้อยืดผู้ชายสกรีนลายเนี๊ยบๆสีเสื้อสวยผ้าดีใส่แล้วไม่มีย้วยแน่นอนส่วนลด 5%,฿98,ขายแล้ว 4.6พัน ชิ้น,จังหวัดกรุงเทพมหานคร
เสื้อกุยเฮง เสื้อผ้าป่าน เสื้อคอกลม กระดุมหน้า ผ้าไม่ร้อนใส่สบาย เสื้อคนเเก่ผู้ชายกระดุมผ่า,฿45 - ฿219,ขายแล้ว 6พัน ชิ้น,จังหวัดขอนแก่น
⚜️ ( 🔥 พร้อมส่ง 🔥 ) ⚜️เสื้อยืดสีพื้น Oversize 🏆 No.789,฿149,ขายแล้ว 8.8พัน ชิ้น,จังหวัดกรุงเทพมหานคร
เสื้อคอวีกระดุม 🔥🔥เสื้อยืดสีพื้น 💯✅✅📌ส่วนลด 5%,฿250฿138,ขายแล้ว 21.7พัน ชิ้น,จังหวัดฉะเชิงเทรา
รบกวนดูขนาดก่อนสั่งนะคะ 🛑เสื้อยืดผู้ชาย [มี 4 ลายให้เลือก] สไตล์สตรีท สุดเท่ ผ้านิ่ม ใส่สบายส่วนลด 5%,฿129฿75,ขายแล้ว 2พัน ชิ้น,จังหวัดกรุงเทพมหานคร
เสื้อผ้าเด็กฤดูร้อนฤดูร้อนเวอร์ชั่นเกาหลีเหมาะกับเด็กวาฟเฟิลแขนสั้นสองชิ้นชุดลำลองสำหรับเด็กผู้ชายชุดสูทเด็กผู้หญิง,฿400,,จังหวัดชุมพร
กางเกงวินเทจ 6 กระเป๋า MAFEAR (มีหลายสีให้เลือก),฿343 - ฿390,ขายแล้ว 23.3พัน ชิ้น,จังหวัดพิจิตร
��จัดส่งจากประเทศไทย🔥เสื้อยืดผู้ชายแขนสั้น Paul ของแท้สำหรับฤดูร้อนเสื้อโปโลไซส์ใหญ่คอปกสำหรับวัยรุ่นและวัยกลางคนเสื้03,฿323฿130,,จังหวัดกรุงเทพมหานคร
พลัสไซส์แขนสั้นย้อนยุค💕KSA💕เสื้อยืดคอกลมพิมพ์ลาย สีขาว Oversizs 💕 เสื้อผ้าแฟชั่นผู้ชาย  โอเวอร์ไซส์เกาหลี เสื้อยืดแขน,฿170,,จังหวัดปทุมธานี
เสื้อลายแฟชั่นใบไม้เหลือง,฿290฿232,,จังหวัดสมุทรปราการ
เสื้อลายแฟชั่นใบไม้เหลือง,฿290฿232,,จังหวัดสมุทรปราการ
เสื้อลายแฟชั่นใบไม้ฟ้า,฿290฿232,,จังหวัดสมุทรปราการ
"เสื้อกันหนาวแขนยาวคอกลมแฟชั่นสําหรับผู้ชาย M - 5 Xl
",฿182 - ฿208,ขายแล้ว 1.2พัน ชิ้น,ต่างประเทศ
เสื้อผ้าเด็ก 2021 ฤดูร้อนเด็กใหม่ชุดเสื้อกั๊กชั้นผ้าฝ้ายเด็กหญิงบ้านเสื้อผ้าชายเสื้อผ้าฤดูร้อน,฿210,,จังหวัดปทุมธานี
【DM เสื้อผ้าผู้ชาย】กางเกงสูทลำลองผู้ชาย ทรงหลวม สไตล์เกาหลีส่วนลด 10%,฿330฿166,ขายแล้ว 1.6พัน ชิ้น,ต่างประเทศ
M-8XL READY STOCK T Shirt Men Anime Oversized Short Sleeve Top,฿104 - ฿128,ขายแล้ว 849 ชิ้น,ต่างประเทศ
เสื้อผ้าแฟชั่นผู้ชาย เสื้อยืดคอกลม ใส่สบาย สไตล์เกาหลี T-shirts 2020 newส่วนลด 50%,฿82 - ฿133,ขายแล้ว 760 ชิ้น,จังหวัดสมุทรปราการ
เสื้อคอวีกระดุม 🔥🔥เสื้อยืดสีพื้น 💯✅✅📌ส่วนลด 5%,฿250฿138,ขายแล้ว 21.7พัน ชิ้น,จังหวัดฉะเชิงเทรา
CANNUP เสื้อเชิ้ตผู้ชาย เสื้อสงกรานต์2022  เสื้อเชิ้ตแขนสั้นผู้ชายผ้าลินินอินเทรนด์สไตล์ญี่ปุ่น เสื้อเชิ้ตลำลอง2022 ใหม่ 21031104โค้ดลด ฿15ซื้อ 2 ชิ้น ลด 3%,฿408฿209,ขายแล้ว 297 ชิ้น,ต่างประเทศ
��COD🔥เสื้อยืดคอกลม ทรงหลวม สไตล์เกาหลี แฟชั่นฤดูร้อน สำหรับ ไซซ์ M-3XL ,฿256฿99,ขายแล้ว 10.4พัน ชิ้น,ต่างประเทศ
กางเกงขาสั้นชาย เอวยางยืด กางเกงขาสั้น 3 แถบหน้า กำลังฮิต(5p3),฿199฿58,ขายแล้ว 3.9พัน ชิ้น,จังหวัดสมุทรสาคร
⚡️ พร้อมส่ง⚡️เสื้อทีเชิร์ตเสื้อยืดคอกลมแฟชั่น มี 10 สีให้เลือก (ใส่ได้ทั้งหญิงและชาย),฿25 - ฿45,ขายแล้ว 14.9พัน ชิ้น,จังหวัดสมุทรสาคร
CANNUP เสื้อผ้าผู้ชาย ฤดูร้อน อินเทรนด์ วินเทจ เกาหลี สไตล์ เก๋ ฮาวาย ชายหาด เสื้อแขนสั้น สำหรับผู้ชาย 2021 ใหม่ 21030308โค้ดลด ฿10ซื้อ 2 ชิ้น ลด 3%,฿286฿149,ขายแล้ว 55 ชิ้น,ต่างประเทศ
OKADY ฤดูร้อนผู้ชายเสื้อยืดปักใหม่สไตล์ฮ่องกงย้อนยุคแฟชั่นลำลองครึ่งแขนวรรณกรรมสไตล์หลวมแขนสั้นด้านบนส่วนลด 10%,฿190฿105,ขายแล้ว 24 ชิ้น,ต่างประเทศ
ใหม่เกาหลีย้อนยุคกางเกงยีนส์สบาย ๆ【kin】กางเกงผู้ชายส่วนลด 5%,฿213 - ฿240,ขายแล้ว 1.6พัน ชิ้น,ต่างประเทศ
เสื้อยืดแขนยาว เสื้อผ้าแฟชั่นชาย เสื้อยืดผู้ชายทรงเข้ารูป(767),฿199฿89,ขายแล้ว 2.4พัน ชิ้น,จังหวัดสมุทรสาคร
TS MEN เสื้อยืดคอกลมแขนสั้น เสื้อยืดผู้ชาย ทรงหลวม คุณภาพสูง(สีดำ สีขาว) รุ่น T47ส่วนลด 5%,฿158฿74,ขายแล้ว 169 ชิ้น,จังหวัดกรุงเทพมหานคร
เสื้อยืดคอกลมแขนสั้นผู้ชาย✨2 สี ดำ ขาว เสื้อผ้าแฟชั่นผู้ชายสไตล์เกาหลี,฿139฿95,ขายแล้ว 230 ชิ้น,จังหวัดกรุงเทพมหานคร
เสื้อฮาวาย เสื้อเชิ้ต เชิ๊ตเกาหลี สินค้ามาใหม่ ผ้านิ่ม สไตล์เกาหลีมาแรง พร้อมส่ง Bay3,฿139,ขายแล้ว 9พัน ชิ้น,จังหวัดเชียงใหม่
กางเกงชิโน่ทรงกระบอกเข้ารูป กางเกงขายาวผู้ชาย กางเกงขายาว (slim)ส่วนลด 50%,฿590฿259,ขายแล้ว 69.3พัน ชิ้น,จังหวัดกรุงเทพมหานคร
กางเกงขาสั้นลําลองทรงหลวมสไตล์ญี่ปุ่นสําหรับผู้ชาย,฿89 - ฿99,ขายแล้ว 241 ชิ้น,ต่างประเทศ
พร้อมส่ง💖เสื้อคู่ชายหญิงน่ารัก oversize เสื้อผ้าวินเทจวัยรุ่น แฟชั่นเกาหลี เสื้อโอเวอร์ไซส์แขนสั้นลายการ์ตูน สตรีท  xxlส่วนลด 5%ช้อปเพิ่มคุ้มกว่า,฿89 - ฿95,ขายแล้ว 43.2พัน ชิ้น,จังหวัดกรุงเทพมหานคร
M-5XL พร้อมส่ง เสื้อเชิ้ตแขนยาว ผ้าลินิน สีพื้น สไตล์เกาหลี สําหรับผู้ชาย,฿376฿188,ขายแล้ว 150 ชิ้น,ต่างประเทศ
SUNDAY2020 🎀 เสื้อยืดลายทาง สไตล์หนุ่มเกาหลี 🐻‍❄️ตะมุตะมิเอาใจสาวมากจ้า มี 3 สีซอฟต์โทน ดูดีมากจ้าส่วนลด 5%,฿94,ขายแล้ว 5.5พัน ชิ้น,จังหวัดกรุงเทพมหานคร
T0019 มี7สีให้เลือกSize(S-2XL)ใหม่2020ยอดฮิต เสื้อผ้าคุณผู้หญิงและคุณผู้ชาย เสื้อทีเชิ๊ต เสื้อยืดคอกลมแฟชั่นunisex เสื้อ,฿25 - ฿48,ขายแล้ว 10.7พัน ชิ้น,จังหวัดสมุทรสาคร
อินเทรนด์ผู้ชายพิมพ์แขนสั้นคอกลมเสื้อยืดผู้ชายแฟชั่นเสื้อยืดสไตล์ถนนเสื้อเสื้อยืดหลวมผู้ชายเสื้อยืดแขนสั้น,฿36 - ฿55,ขายแล้ว 769 ชิ้น,จังหวัดสมุทรปราการ
กรอกโค้ด GILY35 ลด 20% จริง l GIANTSHOP เสื้อฮาวาย เสื้อเชิ้ต hawaii หลายสไตล์ 80 แบบ SEASON 1ซื้อ 3 ชิ้น ลด ฿20,฿250฿149,ขายแล้ว 11.8พัน ชิ้น,จังหวัดกรุงเทพมหานคร
��COD M-3XL🔥กางเกงขากว้างขาตรงกางเกงลำลองผู้ชายกางเกงหลวมกางเกงขากว้าง,฿336฿153,ขายแล้ว 3.6พัน ชิ้น,ต่างประเทศ
เสื้อเชิ้ตผู้ชาย คอปก A07  เผื่อ 1 ไซส์ แขนสั้นแขนยาว หลายแบบหลายลาย สไตล์คลู ทรงหลวมๆ ใส่เท่ส์ M-2XLซื้อ 2 ชิ้น ลด 2%,฿139 - ฿295,ขายแล้ว 918 ชิ้น,จังหวัดปทุมธานี
TS MEN กางเกงขาสั้นผู้ชาย ผ้าเนื้อดีใส่สบาย (มี2สี) รุ่น NK24ส่วนลด 5%,฿299฿105,ขายแล้ว 2.1พัน ชิ้น,จังหวัดกรุงเทพมหานคร
ชุดกีฬาผู้ชายฤดูร้อนสันทนาการสองชิ้นชุดออกกำลังกายชุดบาสเก็ตบอลวิ่งแห้งเร็วเสื้อผ้าหลวมคอกลมแขนสั้น,฿129,ขายแล้ว 1.2พัน ชิ้น,จังหวัดกรุงเทพมหานคร
เสื้อยืดแขนยาว ช-ญรุ่นST16 คอกลม ผ้านิ่ม เสื้อยืด เสื้อผ้าแฟชั่น 5 สี ราคาถูก กันแดด ST16ส่วนลด 5%ซื้อ 2 ชิ้น ลด ฿5,฿99฿53,ขายแล้ว 5.3พัน ชิ้น,จังหวัดกรุงเทพมหานคร
Grandness เสื้อยืดลายกราฟิก รุ่น GN168-9 ( สีอากาศ / สีกรม ),฿159 - ฿189,ขายแล้ว 3.5พัน ชิ้น,จังหวัดนนทบุรี
เสื้อยืดสีพื้น คอกลม เกรดพรีเมี่ยม❤️ ใส่สบาย ไม่หด ไม่ต้องรีด ราคาส่ง มีเก็บเงินปลายทาง ❤️ (สินค้าพร้อมจัดส่งทุกวันค่ะ),฿38 - ฿58,ขายแล้ว 468พัน ชิ้น,จังหวัดกรุงเทพมหานคร
��🔥กางเกงขาสั้นเอวยืด brng brng 🔥🔥ใส่สบาย ราคาถูก ส่งไว มีบริการเก็บเงินปลายทางจ้ะ,฿39 - ฿49,ขายแล้ว 94.8พัน ชิ้น,จังหวัดแพร่
"กางเกงขายาว ลำลอง แฟชั่นสำหรับผู้ชายส่วนลด 10%ซื้อ 3 ชิ้น ลด 3%",฿166 - ฿188,ขายแล้ว 5.4พัน ชิ้น,ต่างประเทศ
ฤดูร้อนกางเกงชุดสูทกางเกงขาสั้นน้ำชายหลวมตาข่ายสีแดงส่วนบาง 5 กางเกงห้าตกกว้างกางเกงขากว้างกางเกงลำลอง,฿256฿98,ขายแล้ว 7 ชิ้น,จังหวัดกรุงเทพมหานคร
TS MEN เสื้อยืดคอกลมแขนสั้น เสื้อไล่โทนสี เสื้อยืดoversize เสื้อยืดชาย (มี4สี)รุ่น 0079ส่วนลด 5%,฿199฿94,ขายแล้ว 3.1พัน ชิ้น,จังหวัดกรุงเทพมหานคร
Mc Jeans เสื้อยืดผู้ชาย แขนสั้น สีขาว MTTZ421โค้ดลด ฿30ออกใบกำกับภาษี,฿795฿556,ขายแล้ว 50 ชิ้น,จังหวัดกรุงเทพมหานคร
[ใช้โค้ด MALWID50 ลด50%]ชุดกีฬาผู้ชายสบาย ๆ กลางแจ้งแห้งเร็วระบายอากาศแขนสั้นเสื้อยืดคอกลมไซส์ใหญ่วิ่งออกกำลังกาย [เสื้อส่วนลด 5%,฿129฿128,ขายแล้ว 9.6พัน ชิ้น,จังหวัดกรุงเทพมหานคร
��COD M-3XL🔥 แฟชั่นคอกลมเสื้อยืดผู้ชายฤดูร้อนเสื้อยืดธรรมดา,฿256฿99,ขายแล้ว 2.1พัน ชิ้น,ต่างประเทศ
SUNDAY2020 🎀 เสื้อยืดลาย 3 Color เท่เกินเบอร์ขนาดนี้ 🥰 เนื้อผ้างานดีหนุ่มๆต้องมีไว้แล้วนะ 🥰ส่วนลด 5%,฿94,ขายแล้ว 12.9พัน ชิ้น,จังหวัดกรุงเทพมหานคร
(รวม32ลายฮิต)เสื้อฮาวาย เสื้อเชิ้ตสไตล์เกาหลี  เสื้อเชิ้ตผู้ชาย Hawaii style korea งานร้านตัดเองนำเทรนช้อปเพิ่มคุ้มกว่า,฿390฿169,ขายแล้ว 47.4พัน ชิ้น,จังหวัดสมุทรปราการ
กางเกงขายาวลําลอง ผ้าลูกฟูก ทรงหลวม แนวตรง แฟชั่นสไตล์เกาหลี สําหรับผู้ชาย,฿336฿153,ขายแล้ว 199 ชิ้น,ต่างประเทศ
��เสื้อยืดแขนสั้น ป้ายห้อย🥰 มีไซร้SMLXL 😍มีบริการเก็บเงินปลายทาง/No.Cs1,฿99 - ฿188,ขายแล้ว 26.6พัน ชิ้น,จังหวัดอุดรธานี
รบกวนดูขนาดก่อนสั่งนะคะ 🛑เสื้อยืดผู้ชาย [มี 4 ลายให้เลือก] สไตล์สตรีท สุดเท่ ผ้านิ่ม ใส่สบายส่วนลด 5%,฿129฿75,ขายแล้ว 2พัน ชิ้น,จังหวัดกรุงเทพมหานคร
"[ลด 15% โค้ด SPPDAYH15] โฉมใหม่กระดุมสีเดียวกับเสื้อ S1: เสื้อเชิ้ตเกาหลี แขนสั้น สีพื้น มีไซซ์ M L XL XXLชาย/หญิง฿88 | 7 ก.ค.,00:00",฿119 - ฿125,ขายแล้ว 179.9พัน ชิ้น,จังหวัดสมุทรปราการ
เสื้อยืดกางเกงขาสั้นเทรนด์กีฬาฤดูร้อนสองชิ้นสําหรับผู้ชาย,฿99 - ฿199,ขายแล้ว 741 ชิ้น,ต่างประเทศ
(ใส่โค้ด MABZYPWS ลด 50%) เสื้อ+กางเกงขาสั้น ผ้าเบา ไม่หด ไม่ย้วยส่วนลด 5%ซื้อ 2 ชิ้น ลด ฿5,฿128 - ฿138,ขายแล้ว 22.8พัน ชิ้น,จังหวัดกรุงเทพมหานคร
Urthe - เสื้อยืด รุ่น URTHE // OVERSIZED LONG SLEEVEส่วนลด 5%,฿200,ขายแล้ว 5พัน ชิ้น,จังหวัดกรุงเทพมหานคร
เสื้อยืดคอวี 🔥 เสื้อยืดผู้ชาย เสื้อโอเวอร์ไซส์คอวี สไตล์เกาหลีไหล่ตก,฿250฿129,ขายแล้ว 5.1พัน ชิ้น,จังหวัดสมุทรปราการ
Leoman เสื้อยืด คอกลม แขนยาว แฟชั่นชาย แต่งลายด้านหน้า ดีไซส์ใหม่ รุ่น 8030,฿79 - ฿85,ขายแล้ว 4.2พัน ชิ้น,จังหวัดกรุงเทพมหานคร
ชุดกีฬา เสื้อยืดแขนสั้น และกางเกงขาสั้น ทรงหลวม พลัสไซซ์ แฟชั่นฤดูร้อน สําหรับผู้ชาย ไซซ์ M - 5XL,฿199 - ฿218,ขายแล้ว 15 ชิ้น,ต่างประเทศ
AVONE กางเกงขาสั้น กางเกงขาสั้นผู้ชาย กางเกงขาสั้นกีฬาแฟชั่น เนื้อผ้าดี เย็บอย่างดี M24ส่วนลด 5%ซื้อ 5 ชิ้น ลด 5%,฿99,ขายแล้ว 2.4พัน ชิ้น,จังหวัดกรุงเทพมหานคร
Leoman กางเกงขาสั้นเอวยางยืดผู้ชาย กางเกงผ้าร่ม รุ่น 3180,฿199฿95,ขายแล้ว 100 ชิ้น,จังหวัดกรุงเทพมหานคร
[เสื้อผ้าผู้ชาย แบบไม่เต็มใจ] เสื้อยืดแขนกุด ทรงหลวม สไตล์ฮิปฮอป ยุโรป อเมริกัน สตรีท ไซซ์ M-8XL [69],฿351฿98,,ต่างประเทศ
ผ้าฝ้าย 100%BP121 เสื้อยืด Retro City : MontanaS-3XL,฿189,,จังหวัดปทุมธานี
เสื้อยืดผู้ชายและผู้หญิงDragon Ball เสื้อ เสื้อยืด เสื้อผ้าแฟชั่นผู้ชาย คอกลม เสื้อยืด เสื้อยืดคู่รักคอกลมแขนสั้น ดราก้อโค้ดลด ฿5,฿170,,จังหวัดปทุมธานี
เสื้อลายแฟชั่นสีกลมผสมสมอเรือ,฿290฿232,,จังหวัดสมุทรปราการ
เสื้อลายแฟชั่นช่ยสีเขียว,฿290฿232,,จังหวัดสมุทรปราการ
เสื้อเชิ้ตแขนสั้น พิมพ์ลายกราฟฟิก ทรงหลวม สไตล์ฮาวาย สำหรับผู้ชาย 2022ช้อปเพิ่มคุ้มกว่า,฿459฿128,ขายแล้ว 16.6พัน ชิ้น,ต่างประเทศ
"ชุดกีฬาลำลอง, ฤดูใบไม้ผลิและฤดูใบไม้ร่วงของผู้ชาย, 2021แนวโน้มใหม่ของผู้ชาย, ชุดสูท, เสื้อผ้านักเรียนหล่อ,",฿158 - ฿299,ขายแล้ว 724 ชิ้น,จังหวัดกรุงเทพมหานคร
"สกรีนเสื้อ ถุงผ้า DFT ไม่มีขั้นต่ำ ตัวเดียวก็รับ เนื้อผ้า Cotton 100% ผลิตเพียง 2-3 วันเท่านั้น (DFT,DTF) สกรีนเสื้อซื้อ 10 ชิ้น ลด 5%",฿120 - ฿345,ขายแล้ว 4.9พัน ชิ้น,จังหวัดกรุงเทพมหานคร
พลัสไซส์แขนสั้นย้อนยุคT0180 ใหม่2020ยอดฮิต เสื้อผ้าคุณผู้หญิงและคุณผู้ชาย เสื้อทีเชิ๊ต เสื้อยืดคอกลมแฟชั่นunisex เสื้อแข,฿169,,จังหวัดปทุมธานี
เสื้อยืดออลแมตช์Fashion &Dream ใหม่2020ยอดฮิต เสื้อผ้าคุณผู้หญิงและคุณผู้ชาย เสื้อทีเชิ๊ต เสื้อยืดคอกลมแฟชั่นunisex (คุณ,฿169 - ฿170,,จังหวัดปทุมธานี
T0019 มี7สีให้เลือกSize(S-2XL)ใหม่2020ยอดฮิต เสื้อผ้าคุณผู้หญิงและคุณผู้ชาย เสื้อทีเชิ๊ต เสื้อยืดคอกลมแฟชั่นunisex เสื้อ,฿25 - ฿48,ขายแล้ว 10.7พัน ชิ้น,จังหวัดสมุทรสาคร
อินเทรนด์ผู้ชายพิมพ์แขนสั้นคอกลมเสื้อยืดผู้ชายแฟชั่นเสื้อยืดสไตล์ถนนเสื้อเสื้อยืดหลวมผู้ชายเสื้อยืดแขนสั้น,฿36 - ฿55,ขายแล้ว 769 ชิ้น,จังหวัดสมุทรปราการ
กรอกโค้ด GILY35 ลด 20% จริง l GIANTSHOP เสื้อฮาวาย เสื้อเชิ้ต hawaii หลายสไตล์ 80 แบบ SEASON 1ซื้อ 3 ชิ้น ลด ฿20,฿250฿149,ขายแล้ว 11.8พัน ชิ้น,จังหวัดกรุงเทพมหานคร
��COD M-3XL🔥กางเกงขากว้างขาตรงกางเกงลำลองผู้ชายกางเกงหลวมกางเกงขากว้าง,฿336฿153,ขายแล้ว 3.6พัน ชิ้น,ต่างประเทศ
เสื้อเชิ้ตผู้ชาย คอปก A07  เผื่อ 1 ไซส์ แขนสั้นแขนยาว หลายแบบหลายลาย สไตล์คลู ทรงหลวมๆ ใส่เท่ส์ M-2XLซื้อ 2 ชิ้น ลด 2%,฿139 - ฿295,ขายแล้ว 918 ชิ้น,จังหวัดปทุมธานี
TS MEN กางเกงขาสั้นผู้ชาย ผ้าเนื้อดีใส่สบาย (มี2สี) รุ่น NK24ส่วนลด 5%,฿299฿105,ขายแล้ว 2.1พัน ชิ้น,จังหวัดกรุงเทพมหานคร
M-5XL พร้อมส่ง เสื้อเชิ้ตแขนยาว ผ้าลินิน สีพื้น สไตล์เกาหลี สําหรับผู้ชาย,฿376฿188,ขายแล้ว 150 ชิ้น,ต่างประเทศ
ชุดกีฬาผู้ชายฤดูร้อนสันทนาการสองชิ้นชุดออกกำลังกายชุดบาสเก็ตบอลวิ่งแห้งเร็วเสื้อผ้าหลวมคอกลมแขนสั้น,฿129,ขายแล้ว 1.2พัน ชิ้น,จังหวัดกรุงเทพมหานคร
Grandness เสื้อยืดลายกราฟิก รุ่น GN168-9 ( สีอากาศ / สีกรม ),฿159 - ฿189,ขายแล้ว 3.5พัน ชิ้น,จังหวัดนนทบุรี
��🔥กางเกงขาสั้นเอวยืด brng brng 🔥🔥ใส่สบาย ราคาถูก ส่งไว มีบริการเก็บเงินปลายทางจ้ะ,฿39 - ฿49,ขายแล้ว 94.8พัน ชิ้น,จังหวัดแพร่
"กางเกงขายาว ลำลอง แฟชั่นสำหรับผู้ชายส่วนลด 10%ซื้อ 3 ชิ้น ลด 3%",฿166 - ฿188,ขายแล้ว 5.4พัน ชิ้น,ต่างประเทศ
เสื้อ STREET สุดเฟี้ยว  จากแบรนด์ MAFEAR ซื้อตอนนี้ 250 จัดส่งฟรี,฿250,ขายแล้ว 49 ชิ้น,จังหวัดพิจิตร
[ใช้โค้ด MALWID50 ลด50%]ชุดกีฬาผู้ชายสบาย ๆ กลางแจ้งแห้งเร็วระบายอากาศแขนสั้นเสื้อยืดคอกลมไซส์ใหญ่วิ่งออกกำลังกาย [เสื้อส่วนลด 5%,฿129฿128,ขายแล้ว 9.6พัน ชิ้น,จังหวัดกรุงเทพมหานคร
TS MEN เสื้อยืดคอกลมแขนสั้น เสื้อไล่โทนสี เสื้อยืดoversize เสื้อยืดชาย (มี4สี)รุ่น 0079ส่วนลด 5%,฿199฿94,ขายแล้ว 3.1พัน ชิ้น,จังหวัดกรุงเทพมหานคร
��COD M-3XL🔥 เสื้อเชิ้ตผ้าลินินชายทรงหลวมขนาดบวกเกาหลีแฟชั่นเสื้อเชิ้ตผู้ชาย,฿376฿188,ขายแล้ว 1.3พัน ชิ้น,ต่างประเทศ
SUNDAY2020 🎀 เสื้อยืดลาย 3 Color เท่เกินเบอร์ขนาดนี้ 🥰 เนื้อผ้างานดีหนุ่มๆต้องมีไว้แล้วนะ 🥰ส่วนลด 5%,฿94,ขายแล้ว 12.9พัน ชิ้น,จังหวัดกรุงเทพมหานคร
รบกวนดูขนาดก่อนสั่งนะคะ 🛑เสื้อยืดผู้ชาย [มี 4 ลายให้เลือก] สไตล์สตรีท สุดเท่ ผ้านิ่ม ใส่สบายส่วนลด 5%,฿129฿75,ขายแล้ว 2พัน ชิ้น,จังหวัดกรุงเทพมหานคร
"[ลด 15% โค้ด SPPDAYH15] โฉมใหม่กระดุมสีเดียวกับเสื้อ S1: เสื้อเชิ้ตเกาหลี แขนสั้น สีพื้น มีไซซ์ M L XL XXLชาย/หญิง฿88 | 7 ก.ค.,00:00",฿119 - ฿125,ขายแล้ว 179.9พัน ชิ้น,จังหวัดสมุทรปราการ
Grandness เสื้อยืดลายกราฟิก รุ่น GN199-200 ( สีเขียวทะเล/สีเขียวใบไม้ ),฿159 - ฿189,ขายแล้ว 479 ชิ้น,จังหวัดนนทบุรี
Urthe - เสื้อยืด รุ่น URTHE // OVERSIZED LONG SLEEVEส่วนลด 5%,฿200,ขายแล้ว 5พัน ชิ้น,จังหวัดกรุงเทพมหานคร
Leoman เสื้อยืด คอกลม แขนยาว แฟชั่นชาย แต่งลายด้านหน้า ดีไซส์ใหม่ รุ่น 8030,฿79 - ฿85,ขายแล้ว 4.2พัน ชิ้น,จังหวัดกรุงเทพมหานคร
AVONE กางเกงขาสั้น กางเกงขาสั้นผู้ชาย กางเกงขาสั้นกีฬาแฟชั่น เนื้อผ้าดี เย็บอย่างดี M24ส่วนลด 5%ซื้อ 5 ชิ้น ลด 5%,฿99,ขายแล้ว 2.4พัน ชิ้น,จังหวัดกรุงเทพมหานคร
กางเกงขายาวลําลอง ผ้าลูกฟูก ทรงหลวม แนวตรง แฟชั่นสไตล์เกาหลี สําหรับผู้ชาย,฿336฿153,ขายแล้ว 199 ชิ้น,ต่างประเทศ
S8: เสื้อเชิ้ตคอจีน รุ่นสาบซ้อน แขนสั้นสีพื้น ยับยาก ไม่ยืดไม่ย้วย ทนทาน ใส่ได้หลายครั้ง สุดคุ้ม!ส่วนลด 20%ซื้อ 3 ชิ้น ลด 5%,฿500฿139,ขายแล้ว 321 ชิ้น,จังหวัดสมุทรปราการ
เสื้อยืดคอวี 🔥 เสื้อยืดผู้ชาย เสื้อโอเวอร์ไซส์คอวี สไตล์เกาหลีไหล่ตก,฿250฿129,ขายแล้ว 5.1พัน ชิ้น,จังหวัดสมุทรปราการ
"Suikone กางเกงห้าส่วนผ้าไอซ์ซิลค์แห้งเร็วของผู้ชาย,กางเกงขาสั้นลำลองสไตล์ฮ่องกงกางเกงกีฬาสวมทับด้านนอกทรงหลวมแบบบางสำหรับฤดูร้อน Insส่วนลด 5%",฿170฿85,ขายแล้ว 32 ชิ้น,ต่างประเทศ
Urthe - เสื้อยืด รุ่น Turtle Neckส่วนลด 5%,฿200,ขายแล้ว 6.8พัน ชิ้น,จังหวัดกรุงเทพมหานคร
PLAYBOY เสื้อยืดคอกลมแขนสั้นพิมพ์ Playboy รุ่น P1MT219TB137BKออกใบกำกับภาษี,"฿1,290฿645",ขายแล้ว 6 ชิ้น,จังหวัดปทุมธานี
⚜️ ( 🔥 พร้อมส่ง 🔥 ) ⚜️เสื้อยืดสีพื้น Oversize 🏆 No.789,฿149,ขายแล้ว 8.8พัน ชิ้น,จังหวัดกรุงเทพมหานคร
ใหม่！ยอดฮิตเสื้อทีเชิร์ตเสื้อยืดคอกลมแฟชั่นT-342-,฿26 - ฿45,ขายแล้ว 1.9พัน ชิ้น,จังหวัดสมุทรสาคร
【27-38】กางเกงขายาวลําลอง ทรงตรง แบบเป็นทางการ สําหรับผู้ชาย สินค้าพร้อมส่ง,฿396฿198,ขายแล้ว 94 ชิ้น,ต่างประเทศ
[เสื้อผ้าผู้ชาย DM] ผู้ชายฤดูร้อนบางเฉียบหลวมและระบายอากาศกางเกงลำลองขาตรงส่วนลด 10%,฿116 - ฿138,ขายแล้ว 1.2พัน ชิ้น,ต่างประเทศ
T1 กางเกงขาสั้น สีพื้น เอวกระดุมโลหะ-ซิป มีกระเป๋าข้าง/หลัง (ยาว 21 นิ้ว)ส่วนลด 5%ขายส่ง,฿200฿88,ขายแล้ว 25.6พัน ชิ้น,จังหวัดปทุมธานี
พร้อมส่ง! เสื้อยืดคอเว้า แขนสั้นสีพื้น ทรงโอเวอไซส์ สไตล์เกาหลีมินิมอล ผ้านุ่มใส่สบาย TT51ส่วนลด 20%รับสินค้าฟรี,฿195,ขายแล้ว 2.9พัน ชิ้น,จังหวัดสมุทรปราการ
Incerun เสื้อโปโล คอปก แขนสั้น แฟชั่นสไตล์เกาหลี สําหรับผู้ชาย 2 สีส่วนลด 50%,฿585฿275,ขายแล้ว 480 ชิ้น,ต่างประเทศ
OKADY เสื้อยืดผ้าลินินชายหลวมลำลองระบายอากาศและสะดวกสบายส่วนลด 10%,฿315฿125,ขายแล้ว 145 ชิ้น,ต่างประเทศ
Mc Jeans เสื้อยืดแขนสั้นผู้ชาย คอกลม (แพ็ค 3 ตัว / คละสี ) MTTP528โค้ดลด ฿80ออกใบกำกับภาษี,"฿995 - ฿2,085",ขายแล้ว 102 ชิ้น,จังหวัดกรุงเทพมหานคร
T0028 ใหม่2020ยอดฮิต เสื้อผ้าคุณผู้หญิงและคุณผู้ชาย เสื้อยืดคอกลมแฟชั่นunisex เสื้อแขนสั้นใส่ได้ทั้งผู้หญิงแ,฿25 - ฿48,ขายแล้ว 15.9พัน ชิ้น,จังหวัดสมุทรสาคร
SUNDAY2020 🎀🎉เสื้อยืดผู้ชาย สกรีนลายมัดย้อม🌈 ใครเห็นก็ต้องหลง เพราะเขาดูดีจริงๆ นะเนี่ย❤️ ผ้านิ่มใส่สบายสุดๆ ใส่ไปไหนก็มส่วนลด 5%,฿92,ขายแล้ว 1.7พัน ชิ้น,จังหวัดกรุงเทพมหานคร
เสื้อเชิ้ตแขนยาวทรงหลวมแฟชั่นสไตล์วินเทจสําหรับผู้ชาย,฿436฿218,ขายแล้ว 90 ชิ้น,ต่างประเทศ
ฤดูร้อนใหม่พิมพ์เสื้อยืดคอกลมแขนสั้นผู้ชาย 🎄 เสื้อยืดผู้ชาย 🎄 เสื้อผ้าผู้ชายแขนสั้นด้านบน,฿36 - ฿55,ขายแล้ว 614 ชิ้น,จังหวัดสมุทรปราการ
Urthe - เสื้อยืด รุ่น URTHE // OVERSIZEDส่วนลด 5%,฿200,ขายแล้ว 16พัน ชิ้น,จังหวัดกรุงเทพมหานคร
[ลด 30.- โค้ด SSPRF4] S4: ราคาส่ง มี 10 สี‼️ เสื้อเชิ้ตแขนสั้นสีพื้น ไม่มีกระดุม สไตล์เกาหลี มีไซส์ M L XL คุณภาพดีส่วนลด 20%ซื้อ 3 ชิ้น ลด 5%,฿125฿123,ขายแล้ว 18.1พัน ชิ้น,จังหวัดสมุทรปราการ
CANNUP เสื้อผ้าผู้ชายฤดูร้อนวินเทจพิมพ์เก๋อินเทรนด์ฮาวายสไตล์ระบายอากาศเสื้อเชิ้ตลำลองสำหรับผู้ชาย 2022 ใหม่ 21041213โค้ดลด ฿15ซื้อ 2 ชิ้น ลด 3%,฿340฿169,ขายแล้ว 252 ชิ้น,ต่างประเทศ
##สินค้าพร้อมส่ง## เสื้อผ้าแฟชั่นผู้ชาย  เสื้อผู้ชายแขนยาวคอกลม สีพื้นไม่มีสกรีน (TSH-018) /เสื้อสกรีนCODDI (TSH-016),฿219฿117,ขายแล้ว 2.4พัน ชิ้น,จังหวัดนครปฐม
แฟชั่นผู้ชาย เสื้อผ้าแฟชั่นผู้ชาย เสื้อยืดคอกลมใส่สบาย,฿189฿105,ขายแล้ว 19 ชิ้น,จังหวัดกรุงเทพมหานคร
Leoman เสื้อยืดคอกลม แขนยาว ผ้ายืดเนื้อนุ่ม สกรีนด้านหน้า รุ่น 0808,฿79 - ฿85,ขายแล้ว 353 ชิ้น,จังหวัดกรุงเทพมหานคร
[ใช้โค้ด MALWID50] กีฬาสีทึบกางเกงขาสั้นสบาย ๆผ้าฝ้ายปักมีกระเป๋าซิปสองข้างมีกระเป๋าซิปสองข้าง L-XL 518#ส่วนลด 5%,฿58 - ฿78,ขายแล้ว 43.6พัน ชิ้น,จังหวัดกรุงเทพมหานคร
OKADY เสึ้อยึดผู้ชาย ผู้ชายสไตล์ฮ่องกงผ้าฝ้ายผสมเสื้อยืดInsแนวโน้มหลวมบวกหลวมสไตล์ฮาราจูกุแขนสั้นสำหรับผู้ชายส่วนลด 10%,฿178฿97,ขายแล้ว 18 ชิ้น,ต่างประเทศ
Incerun เสื้อเชิ้ต แขนยาว คอวี แบบติดกระดุมส่วนลด 50%ซื้อ 2 ชิ้น ลด 20%,฿329฿195,ขายแล้ว 2.3พัน ชิ้น,ต่างประเทศ
กางเกงกีฬาขาสั้น เอวยางยืด ทรงหลวม สไตล์เกาหลี สําหรับผู้ชาย [S-2XL] สีดําโค้ดลด ฿35รับสินค้าฟรี,฿402฿241,,ต่างประเทศ
ผ้าฝ้าย 100%BP40 เสื้อยืด 5 Season : SPRINGS-3XL,฿189,,จังหวัดปทุมธานี
เสื้อยืดอินเทรนด์FreFel เสื้อ เสื้อแขนสั้น T-Shirts เสื้อยืดชายคอกลมแขน  รุ่น Ts-005โค้ดลด ฿5,฿170,,จังหวัดปทุมธานี
เสื้อยืดแขนสั้น เสื้อพิมพ์ลาย เสื้อคู่ สีพื้น แสงอุษา เสื้อผู้ชาย แฟชั่นเกาหลี เสื้อโอเวอร์ไซส์ใส่สบายเสื้อคอกลมผู้หญิง,฿170,,จังหวัดปทุมธานี
"ผ้าฝ้าย 100%BP296 เสื้อยืด HELLO, WORLD! : ภาษา PYTHONS-3XL",฿189,,จังหวัดปทุมธานี
"ผ้าฝ้าย 100%BP296 เสื้อยืด HELLO, WORLD! : ภาษา PYTHONS-3XL",฿189,,จังหวัดปทุมธานี
ผ้าฝ้าย 100%BP276 เสื้อยืด หนังสือปกขาว:ทีเด็ดS-3XL,฿189,,จังหวัดปทุมธานี
ผ้าฝ้าย 100%BP99 เสื้อยืด Animal Speak : SOARS-3XL,฿189,,จังหวัดปทุมธานี
ใส่โค้ด 615FASH150 ลด150 เสื้อเชิ้ตเกาหลี🌟 แขนยาว🌟 สีพื้น ผ้านิ่มนุ่ม เบา ใส่สบาย ไม่ต้องรีด ระบายความร้อนได้ยอดเยี่ยมโค้ดลด ฿20,฿155 - ฿215,ขายแล้ว 12.6พัน ชิ้น,จังหวัดนนทบุรี
Cod กางเกงขายาวลําลอง ทรงหลวม พลัสไซซ์ สําหรับผู้ชาย ไซซ์ M-5XL,฿316฿144,ขายแล้ว 30พัน ชิ้น,ต่างประเทศ
"ผ้าฝ้าย 100%BP296 เสื้อยืด HELLO, WORLD! : ภาษา PYTHONS-3XL",฿189,,จังหวัดปทุมธานี
【เสื้อผ้า DM】เสื้อเชิ้ตแขนยาวลำลองผู้ชาย M-3XLส่วนลด 10%,฿167 - ฿188,ขายแล้ว 297 ชิ้น,ต่างประเทศ
เสื้อยืดผู้ชาย แขนยาว คอกลม เสื้อยืดแขนยาว (M—2XL),฿89 - ฿98,ขายแล้ว 9.2พัน ชิ้น,จังหวัดนนทบุรี
Japam เสื้อฮาวาย เสื้อเชิ้ตสไตล์เกาหลี เสื้อเชิ้ต❌เท่ห์ไม่ซ้ำใคร เกาหลีอปป้า🇰🇷,฿390฿169,ขายแล้ว 11.1พัน ชิ้น,จังหวัดสมุทรปราการ
GIANTSHOP เสื้อฮาวาย เสื้อเชิ้ต hawaii หลายสไตล์ 80 แบบ SEASON 4ซื้อ 3 ชิ้น ลด ฿20,฿149,ขายแล้ว 2.9พัน ชิ้น,จังหวัดกรุงเทพมหานคร
7th Street X The Zign เสื้อยืด รุ่น WHEN002โค้ดลด ฿50ออกใบกำกับภาษี,฿350,ขายแล้ว 86 ชิ้น,จังหวัดกรุงเทพมหานคร
【KT เสื้อผ้า】M-2XL เกาหลีเสื้อเชิ้ตผู้ชายแขนยาวแฟชั่นเกาหลีหลวมเสื้อลายฤดูร้อนท็อปส์ซูหล่อส่วนลด 10%,฿396฿238,ขายแล้ว 18 ชิ้น,ต่างประเทศ
Incerun เสื้อยืดแขนสั้น กางเกงขาสั้น พิมพ์ลายทาง ทรงหลวม สําหรับผู้ชายส่วนลด 50%,฿742฿326,ขายแล้ว 1.1พัน ชิ้น,ต่างประเทศ
SUNDAY2020 🎀 เสื้อยืด DRAEMS 🚀ความฝันที่เป็นจริง ที่ไหนก็ได้กับคนรู้ใจส่วนลด 5%,฿93,ขายแล้ว 2.9พัน ชิ้น,จังหวัดกรุงเทพมหานคร
เสื้อยืดผู้ชาย oversize สีดำ เสื้อยืดสีพื้น เสื้อผ้าแฟชั่น เสื้อยืดพิมพ์ลาย ลายฮิต แนวสตรีทST25ส่วนลด 20%,฿199฿62,ขายแล้ว 104 ชิ้น,จังหวัดกรุงเทพมหานคร
เสื้อยืด แขนสั้น ผ้าเรยอน แบบแห้งเร็ว เข้ากับทุกการแต่งกาย สไตล์สตรีท สําหรับผู้ชายรับคืน 20% Coinsซื้อ 2 ชิ้น ลด 5%,฿232฿139,ขายแล้ว 67 ชิ้น,ต่างประเทศ
Shoesfashion เสื้อยืดเเขนสั้นชาย เสื้อยืดคอกลม รุ่น 1299,฿199฿85,ขายแล้ว 1.6พัน ชิ้น,จังหวัดกรุงเทพมหานคร
พร้อมส่ง! เสื้อยืดคอเว้า แขนยาวสีพื้น ทรงโอเวอไซส์ สไตล์เกาหลี ผ้านุ่มใส่สบาย ทรงสวย L10ส่วนลด 20%รับสินค้าฟรี,฿199,ขายแล้ว 2.2พัน ชิ้น,จังหวัดสมุทรปราการ
เสื้อยืดoversized 🇰🇷 เสื้อคอกลมผู้ชาย เสื้อโอเวอร์ไซส์ผู้ชายส่วนลด 50%,฿250฿139,ขายแล้ว 335 ชิ้น,จังหวัดกรุงเทพมหานคร
Incerun เสื้อยืดลําลอง แขนยาว คอวี ทรงหลวม แฟชั่นสําหรับผู้ชายส่วนลด 50%ซื้อ 2 ชิ้น ลด 10%,฿496฿233,ขายแล้ว 594 ชิ้น,ต่างประเทศ
เสื้อยืด A.HUHH สกรีน HAY BABEส่วนลด 10%,฿150,ขายแล้ว 1.5พัน ชิ้น,จังหวัดนนทบุรี
ELAND_SHOPกางเกงขาสั้นผู้ชาย กระเป๋ามีซิป ผ้าเนื้อดี E001ส่วนลด 5%,฿250฿78,ขายแล้ว 723 ชิ้น,จังหวัดกรุงเทพมหานคร
Incerun เสื้อครอปแขนยาว เข้ารูป ฉลุลาย แฟชั่นสําหรับผู้ชายส่วนลด 50%,฿350฿165,ขายแล้ว 64 ชิ้น,ต่างประเทศ
เสื้อคู่ชายหญิงโอเวอร์ไซส์เกาหลี oversize เสื้อผ้าวินเทจแฟชั่น เสื้อวัยรุ่นผู้หญิงน่ารัก ลายสีรุ้ง คอกลมแขนสั้น xxlส่วนลด 5%ขายส่ง,฿175฿105,ขายแล้ว 648 ชิ้น,จังหวัดกรุงเทพมหานคร
Beverly Hills Polo Club เสื้อยืดคอกลมแขนสั้น รุ่น BNSD308,฿990฿390,ขายแล้ว 493 ชิ้น,จังหวัดกรุงเทพมหานคร
กางเกง บ๊อกเซอร์ BOXER💥29 บาท,฿29,ขายแล้ว 2.6พัน ชิ้น,จังหวัดกรุงเทพมหานคร
กางเกงขาสั้น สีโทนเขียว สไตล์เกาหลี,฿250 - ฿280,ขายแล้ว 380 ชิ้น,จังหวัดกรุงเทพมหานคร
เสื้อยืดคอกลมแฟชั่นunisex เสื้อแขนสั้นใส่ได้ทั้งผู้หญิงและชายT-38844,฿26 - ฿45,ขายแล้ว 2.3พัน ชิ้น,จังหวัดสมุทรสาคร
เสื้อยืด Oversize ผ้าคอตตอนเนื้อดี A day | youmakemeshop,฿290฿250,ขายแล้ว 236 ชิ้น,จังหวัดกรุงเทพมหานคร
กางเกงขาสั้นผู้ชาย กางเกงผู้ชาย,฿199,ขายแล้ว 300 ชิ้น,จังหวัดกรุงเทพมหานคร
กางเกงขาสั้นชาย แขนสั้น กางเกงขาสั้นผู้ชาย  เสื้อผ้า กางเกงขาสั้นผู้ชาย กางเกงขาสั้น เสื้อผ้ากีฬาผู้ชาย,฿229฿179,ขายแล้ว 262 ชิ้น,จังหวัดกรุงเทพมหานคร
"SMT003เสื้อเชิ้ตชายลายสก๊อต +1ไซส์ เวอร์ชั่นเกาหลีของฤดูใบไม้ร่วง เสื้อหลวมใส่สบาย ๆ ไซส์ M-XXL สีGray,Redซื้อ 2 ชิ้น ลด 2%",฿165฿130,ขายแล้ว 5.2พัน ชิ้น,จังหวัดปทุมธานี
��COD M-8XL🔥 เสื้อยืดแฟชั่นฤดูร้อนผู้ชายหลวมเสื้อยืดขนาดใหญ่,฿118 - ฿138,ขายแล้ว 127 ชิ้น,ต่างประเทศ
เสื้อยืดคอกลม สกรีนลาย AVENGED SEVENFOLD (รหัส 96),฿85 - ฿105,ขายแล้ว 791 ชิ้น,จังหวัดกรุงเทพมหานคร
��เสื้อเชิ้ต👕เสื้อฮาวาย👕ผ้าไหมอิตาลีไม่ยับไม่ร้อนไม่ต้องรีด👕แฟชั่นชาย👕แฟชั่นเกาหลี👕ร้านเสื้อผ้าผู้ชายโค้ดลด ฿30,฿225 - ฿351,ขายแล้ว 6 ชิ้น,จังหวัดบึงกาฬ
ใหม่ เสื้อยืดลําลอง แขนสั้น ผ้าถัก ทรงสลิมฟิต สีตัดกัน แฟชั่นฤดูร้อน สําหรับผู้ชาย [J11โค้ดลด ฿40ซื้อ 2 ชิ้น ลด ฿10,฿882฿339,ขายแล้ว 18 ชิ้น,ต่างประเทศ
set.พิเศษ!!กางเกงขาสั้นผู้ชาย สไตล์วัยรุ่นขนาดความยาว 17 นิ้ว,฿49,ขายแล้ว 736 ชิ้น,จังหวัดขอนแก่น
【KT เสื้อผ้า】กางเกงลำลองขากว้างทรงหลวมสำหรับผู้ชาย M-2XLส่วนลด 10%,฿430฿206,ขายแล้ว 601 ชิ้น,ต่างประเทศ
เสื้อยืดคอเว้า แขนสั้น สีพื้น สไตล์เกาหลี ผ้านิ่ม ใส่สบาย พร้อมส่งโค้ดลด ฿8,฿500฿197,ขายแล้ว 33 ชิ้น,จังหวัดสมุทรปราการ
LOOKER - เสื้อพร้อมกล่อง Box Set Premium แถมฟรีริสแบรนด์ LOOKER,฿350,ขายแล้ว 895 ชิ้น,จังหวัดเชียงใหม่
LHSunshine 🌞 เสื้อยืดคอกลมลายทาง🌈ทางไหนไม่รุ้อาจจะเป็นทางไปบ้านเธอ💥ใส่แล้วลั่ลลาสบายๆสวยๆเพราะเป็นทางไปบ้านเธอ💙ส่วนลด 5%,฿98,ขายแล้ว 66 ชิ้น,จังหวัดกรุงเทพมหานคร
ใส่โค้ด FKNJ40 ลด 30 บาท เสื้อฮาวาย เสื้อเชิ้ต hawaii เชิ๊ตเกาหลี สินค้ามาใหม่ ผ้านิ่มขึ้น สไตล์เกาหลีมาแรง พร้อมส่ง FKช้อปเพิ่มคุ้มกว่า,฿250฿149,ขายแล้ว 38พัน ชิ้น,จังหวัดปทุมธานี
มี7สีให้เลือกSize(S-3XL) ใหม่2020ยอดฮิต เสื้อ เสื้อผ้าคุณผู้หญิงและคุณผู้ชาย เสื้อทีเชิร์ตเสื้อยืดคอกลมแฟชั่นunisex,฿26 - ฿45,ขายแล้ว 1.6พัน ชิ้น,จังหวัดสมุทรสาคร
2020จุดใหม่ล่าสุดสายฟ้าส่งสไตล์จีนย้อนยุคเสื้อแขนสั้นผู้ชายรสสูทเยาวชนสลิมศูนย์เสื้อผ้าจีนหัวเข็มขัดเสื้อ H Anfu ภูเขา,฿193 - ฿284,ขายแล้ว 13 ชิ้น,ต่างประเทศ
HOMEBOY เสื้อยืดผู้ชายลาย BILLIE.EILISH.BOOTโค้ดลด ฿100ออกใบกำกับภาษี,฿690,ขายแล้ว 746 ชิ้น,จังหวัดกรุงเทพมหานคร
Suikone เสื้อ เสื้อฮาวายเสื้อเชิ้ตแขนสั้นผู้ชายทรงหลวมสไตล์ฮาวายการพิมพ์แฟชั่นเย็นสบาย เสื้อยืดส่วนลด 10%ซื้อ 2 ชิ้น ลด 3%,฿265฿159,ขายแล้ว 100 ชิ้น,ต่างประเทศ
พร้อมส่ง กางเกงขาสั้นผู้ชาย กางเกงผู้ชาย ผ้าฝ้าย  ผ้าดี สีไม่ตก ทรงสวย ผ้าฟอก,฿259฿169,ขายแล้ว 43.7พัน ชิ้น,จังหวัดกรุงเทพมหานคร
กางเกงขาสั้นผู้ชายกางเกงขาสั้นห้าจุดเทรนด์ตรงใหม่กีฬาสันทนาการหลวมส่วนลด 5%,฿89 - ฿98,ขายแล้ว 12.1พัน ชิ้น,จังหวัดกรุงเทพมหานคร
ใส่โค้ด FKNJ40 ลด 30 บาท เสื้อฮาวาย เสื้อเชิ้ต hawaii เชิ๊ตเกาหลี สินค้ามาใหม่ ผ้านิ่มขึ้น สไตล์เกาหลีมาแรง พร้อมส่งริ้ว,฿250฿149,ขายแล้ว 1.8พัน ชิ้น,จังหวัดปทุมธานี
HOMEBOY เสื้อยืดผู้ชายลาย F.GODโค้ดลด ฿100ออกใบกำกับภาษี,฿690,ขายแล้ว 235 ชิ้น,จังหวัดกรุงเทพมหานคร
Incerun เสื้อยืดคอกลม แขนสั้น ทรงหลวม สไตล์เรียบง่าย สําหรับผู้ชายส่วนลด 50%ซื้อ 2 ชิ้น ลด 20%,฿508฿225,ขายแล้ว 684 ชิ้น,ต่างประเทศ
OKADY กางเกงขาสั้นเดนิมขาสั้นชายฤดูร้อนหลวมและตรงส่วนลด 10%ซื้อ 2 ชิ้น ลด 3%,฿425฿215,ขายแล้ว 19 ชิ้น,ต่างประเทศ
LHSunshine 🌞 เสื้อยืดผู้ชายสกรีนลายเนี๊ยบๆสีเสื้อสวยผ้าดีใส่แล้วไม่มีย้วยแน่นอนส่วนลด 5%,฿98,ขายแล้ว 4.6พัน ชิ้น,จังหวัดกรุงเทพมหานคร
CPS CHAPS งานป้าย ปิ๊กเงิน (มีเก็บปลายทาง ),฿115 - ฿149,ขายแล้ว 8.9พัน ชิ้น,จังหวัดชลบุรี
Urthe - เสื้อยืด รุ่น THE // SPLASHส่วนลด 8%,฿290,ขายแล้ว 2.3พัน ชิ้น,จังหวัดกรุงเทพมหานคร
��เสื้อโอเวอร์ไซส์ Oversize🔥 (รูปถ่ายสินค้าจริง) เสื้อยืดสีพื้น สไตล์เกาหลี หลากสี ชาย/หญิง ใส่ได้,฿139,ขายแล้ว 784 ชิ้น,จังหวัดกรุงเทพมหานคร
(ลูกค้าใหม่ 1 บาท) กางเกงขาสั้นชาย (พร้อมส่ง) ผ้าฟอก 27-36รวมสีขายดี Set 1 &quot;ผ้าดี สีไม่ตก งานห้างซื้อ 2 ชิ้น ลด ฿5,฿486฿165,ขายแล้ว 115 ชิ้น,จังหวัดกรุงเทพมหานคร
เสื้อยืดอินเทรนด์FreFel เสื้อผ้าแฟชั่นผู้ชาย เสื้อยืดคอกลมแขนสั้น เสื้อ   T-Shirts รุ่น Ts-011โค้ดลด ฿5,฿170,,จังหวัดปทุมธานี
✲✿สีชมพูแขนสั้นเสื้อยืดผู้ชาย ins tide แบรนด์ฤดูร้อนเสื้อผ้าคู่สวมใส่ 2022 ใหม่แนวโน้ม oversize ครึ่งแขนโค้ดลด ฿19,฿497,,จังหวัดกรุงเทพมหานคร
(ลูกค้าใหม่ 1 บาท) กางเกงขาสั้น แถบ เอวยืด ถูกที่สุด ใส่สบาย กระเป๋าซิปผ้าคอตตอน💯%(พร้อมส่ง)ซื้อ 2 ชิ้น ลด ฿5,฿466฿168,ขายแล้ว 182 ชิ้น,จังหวัดกรุงเทพมหานคร
คาลวิน ไคลน์ CK Modal AirกางเกงในชายCK แบรนด์แท้ 100% ระบายอากาศได้ดี มีความเย็นสบาย ใสสบาย ใน1กล่องมี3ชิ้นส่วนลด 5%,฿399 - ฿438,ขายแล้ว 24.1พัน ชิ้น,จังหวัดกรุงเทพมหานคร
เสื้อยืดไซส์ใหญ่Fashion & Dream มี10สีให้เลือกค่ะ เสื้อยึดลายการ์ตูน เสื้อผ้าคุณผู้หญิงและคุณผู้ชาย เสื้อทีเชิ๊ต เสื้อยื,฿169 - ฿170,,จังหวัดปทุมธานี
กางเกงกีฬาขาสั้น เอวยางยืด ทรงหลวม สไตล์เกาหลี สําหรับผู้ชาย [M-2XL] สีดํา สีเขียว สีกากีโค้ดลด ฿50รับสินค้าฟรี,฿434฿260,,ต่างประเทศ
SCOTTY CAMERON กอล์ฟเสื้อผ้ากางเกงขาสั้นผู้ชายฤดูร้อนระบายอากาศกางเกงกีฬายืดกอล์ฟแฟชั่นห้าจุดกางเกงบอลโค้ดลด ฿41ซื้อ 2 ชิ้น ลด ฿52,฿900,,ต่างประเทศ
เสื้อยืดแขนสั้นทรงหลวมสไตล์ฮิปฮอปแฟชั่นฤดูร้อนสําหรับผู้ชาย,฿247฿108,ขายแล้ว 1.5พัน ชิ้น,ต่างประเทศ
��เสื้อเชิ้ต👕เสื้อฮาวาย👕ผ้าไหมอิตาลีไม่ยับไม่ร้อนไม่ต้องรีด👕แฟชั่นชาย👕แฟชั่นเกาหลี👕ร้านเสื้อผ้าผู้ชายโค้ดลด ฿30,฿225 - ฿351,ขายแล้ว 3 ชิ้น,จังหวัดบึงกาฬ
��เสื้อเชิ้ต💥 คอปก/แขนสั้น S/M/L/XL/2XL สีพื้น unisex oversize คนอ้วนก็ใส่ได้,฿150 - ฿170,ขายแล้ว 15พัน ชิ้น,จังหวัดกรุงเทพมหานคร
CANNUP เสื้อผ้าผู้ชายฤดูร้อนวินเทจพิมพ์เก๋อินเทรนด์ฮาวายสไตล์ระบายอากาศเสื้อเชิ้ตลำลองสำหรับผู้ชาย 2022 ใหม่ 21041213โค้ดลด ฿15ซื้อ 2 ชิ้น ลด 3%,฿340฿169,ขายแล้ว 252 ชิ้น,ต่างประเทศ
เสื้อยืดผู้ชายแฟชั่นฤดูร้อนแขนสั้นเสื้อยืดท็อป,฿232฿128,ขายแล้ว 53 ชิ้น,ต่างประเทศ
พร้อมส่ง 👕 เสื้อยืดผู้ชาย เสื้อยืดหลากสี👕 เนื้อผ้านุ่มใส่สบาย👕 เสื้อยืดผู้ชาย แขนสั้น ผู้ชาย,฿55 - ฿136,ขายแล้ว 152 ชิ้น,จังหวัดสมุทรปราการ
��เสื้อคอจีน💥 คอจีน/แขนสามส่วน S/M/L/XL/2XL สีพื้น unisex เสื้อเชิ้ตคอจีน เสื้อคนอ้วน,฿160 - ฿180,ขายแล้ว 1.1พัน ชิ้น,จังหวัดกรุงเทพมหานคร
เสื้อทีเชิร์ตเสื้อยืดคอกลมแฟชั่นSportขาว-ดำ ⚡️ พร้อมส่ง⚡️ T-301,฿23 - ฿45,ขายแล้ว 59 ชิ้น,จังหวัดสมุทรสาคร
Suikone กางเกงผู้ชาย ผู้ชายลายสก๊อตกางเกงลำลองหลวมแนวโน้มกางเกงตรง กางเกงลายสก็อตส่วนลด 10%ซื้อ 2 ชิ้น ลด 3%,฿431฿214,ขายแล้ว 96 ชิ้น,ต่างประเทศ
【เสื้อผ้า DM】เสื้อหล่อชายฮาราจูกุพอร์ตแฟชั่นแบรนด์ฤดูร้อนบุคลิกภาพย้อนยุคถนนเสือดาวคู่หลวมด้านบนM-3XLส่วนลด 10%,฿705฿158,ขายแล้ว 64 ชิ้น,ต่างประเทศ
เสื้อยืดแขนสั้นผู้ชาย เสื้อยืดคอกลม สไตล์เกาหลี ใส่สบาย,฿79฿75,ขายแล้ว 2.9พัน ชิ้น,จังหวัดกรุงเทพมหานคร
[อินระบายอากาศคู่รัก] แขนสั้นชายหลวมอินเทรนด์แฟชั่นแบรนด์แฟชั่นแขนห้าจุดสไตล์ฮ่องกงการ์ตูนคู่รัก ใส่เสื้อยืดเสื้อผ้าฤดู,฿92 - ฿130,ขายแล้ว 35 ชิ้น,จังหวัดกรุงเทพมหานคร
[ลด 15%โค้ด SPPDAYH15] S6: ราคาส่ง🔥 เสื้อเชิ้ตคอจีนแขนยาว สีพื้น พร้อมส่ง ไซซ์ M L XL XXL ผ้านิ่มใส่สบายไม่ร้อนส่วนลด 20%ซื้อ 3 ชิ้น ลด 5%,฿125 - ฿145,ขายแล้ว 22.5พัน ชิ้น,จังหวัดสมุทรปราการ
##สินค้าพร้อมส่ง## เสื้อผ้าแฟชั่นผู้ชาย  เสื้อผู้ชายแขนยาวคอกลม สีพื้นไม่มีสกรีน (TSH-018) /เสื้อสกรีนCODDI (TSH-016),฿219฿117,ขายแล้ว 2.4พัน ชิ้น,จังหวัดนครปฐม
[ โค้ด MENXXBXR ลด 50% ] พร้อมส่ง เสื้อเชิ้ตแขนสั้นสีพื้น สไตล์เกาหลี มินิมอล ใส่ได้ผู้ชายและผู้หญิง ไม่ต้องรีด ไม่ร้อนโค้ดลด ฿8ซื้อ 3 ชิ้น ลด 3%,฿99 - ฿135,ขายแล้ว 9.7พัน ชิ้น,จังหวัดสมุทรปราการ
Men's Shirts เสื้อแขนยาวผู้ชาย【kin18】เสื้อเท่ๆชาย มีหลายสีให้เลือกส่วนลด 5%,฿299฿153,ขายแล้ว 105 ชิ้น,ต่างประเทศ
เสื้อยืดแขนสั้นผู้ชายสไตล์เกาหลี oversize เสื้อผ้าวัยรุ่น เสื้อยืดสกรีนลาย เสื้อมัดย้อมสีพาสเทล เสื้อยืดคอกลมสตรีท xxlส่วนลด 5%ขายส่ง,฿169฿88,ขายแล้ว 8.7พัน ชิ้น,จังหวัดกรุงเทพมหานคร
แฟชั่นผู้ชาย เสื้อผ้าแฟชั่นผู้ชาย เสื้อยืดคอกลมใส่สบาย,฿189฿105,ขายแล้ว 19 ชิ้น,จังหวัดกรุงเทพมหานคร
Leoman เสื้อยืดคอกลม แขนยาว ผ้ายืดเนื้อนุ่ม สกรีนด้านหน้า รุ่น 0808,฿79 - ฿85,ขายแล้ว 353 ชิ้น,จังหวัดกรุงเทพมหานคร
[ใช้โค้ด MALWID50] กีฬาสีทึบกางเกงขาสั้นสบาย ๆผ้าฝ้ายปักมีกระเป๋าซิปสองข้างมีกระเป๋าซิปสองข้าง L-XL 518#ส่วนลด 5%,฿58 - ฿78,ขายแล้ว 43.6พัน ชิ้น,จังหวัดกรุงเทพมหานคร
เสื้อยืดแขนยาว เสื้อผ้าแฟชั่นชาย เสื้อยืดทรง（มี 3 สี）841,฿72 - ฿79,ขายแล้ว 1.2พัน ชิ้น,จังหวัดสมุทรสาคร
T0808 *ส่งจากไทย* เสื้อยืดคอกลม เสื้อยืดแฟชั่น ใส่ได้ทั้งผู้ชาย-ผู้หญิง ใหม่ล่าสุด 2022,฿25 - ฿48,ขายแล้ว 185 ชิ้น,จังหวัดสมุทรสาคร
ใหม่！ยอดฮิตเสื้อทีเชิร์ตเสื้อยืดคอกลมแฟชั่นT-312-,฿26 - ฿45,ขายแล้ว 1.1พัน ชิ้น,จังหวัดสมุทรสาคร
Incerun เสื้อเชิ้ตแขนสั้นสีพื้น + กางเกงขาสั้นผ้ายืดแฟชั่นผู้ชายส่วนลด 50%,฿331 - ฿704,ขายแล้ว 82 ชิ้น,ต่างประเทศ
เสื้อยืดผู้ชายคอกลมแขนสั้นแฟชั่นสำหรับผู้ชายสไตล์เกาหลีผ้านิ่มใส่สบาย,฿79 - ฿85,ขายแล้ว 64 ชิ้น,จังหวัดนนทบุรี
�� URTHE // BEST SELLER 🔥 รวมสินค้าขายดี ไม่ต้องเสียเวลาหาส่วนลด 5%,฿200 - ฿350,ขายแล้ว 8.3พัน ชิ้น,จังหวัดกรุงเทพมหานคร
กางเกงทรงเกาหลี ผ้าฝ้ายผสมลินิน ใส่สบาย มี 5 สี M123#,฿139,ขายแล้ว 5.2พัน ชิ้น,จังหวัดกรุงเทพมหานคร
เสื้อผ้าคุณผู้หญิงและคุณผู้ชายเสื้อยืดคอกลมแฟชั่นunisex T-8881,฿26 - ฿45,ขายแล้ว 2.8พัน ชิ้น,จังหวัดสมุทรสาคร
NIT เสื้อเชิ้ตแขนสั้น ลายดอกไม้ สไตล์ย้อนยุค สำหรับผู้ชายส่วนลด 5%ซื้อ 3 ชิ้น ลด 2%,฿226฿115,ขายแล้ว 862 ชิ้น,ต่างประเทศ
��เสื้อฮาวายชาย เชิ้ตผู้ชาย เสื้อเชิ้ต เชิ้ตแนวเกาหลี ผ้านิ่มใส่ดี🔴 เจ้าแรกเจ้าเก่า มาใหม่ไฉไลกว่าเดิมช้อปเพิ่มคุ้มกว่า,฿390฿149,ขายแล้ว 4.3พัน ชิ้น,จังหวัดสมุทรปราการ
กางเกงขาสั้นชาย3แถบ เอวยางยืด กระเป๋า2ข้างใส่สบาย(5p3)ส่วนลด 20%,฿199฿62,ขายแล้ว 1.6พัน ชิ้น,จังหวัดสมุทรสาคร
Incerun เสื้อเชิ้ต แขนยาว คอวี แบบติดกระดุมส่วนลด 50%ซื้อ 2 ชิ้น ลด 20%,฿329฿195,ขายแล้ว 2.3พัน ชิ้น,ต่างประเทศ
YuenPuen ยืนพื้นผ้านุ่ม เสื้อยืดเปล่า เสื้อยืดสีพื้น เสื้อยืดคอกลม_สีขาว,฿100 - ฿140,ขายแล้ว 10.3พัน ชิ้น,จังหวัดกรุงเทพมหานคร
##สินค้าพร้อมส่งในไทย##เสื้อยืดแขนสั้นคอกลมแฟชั่นผู้ชายเทรนด์ใหม่ เสื้อผ้าหลวม (TSH029),฿209฿90,ขายแล้ว 156 ชิ้น,จังหวัดนครปฐม
【เสื้อผ้า DM】ฤดูร้อนใหม่เกาหลี INS ญี่ปุ่นตรงกางเกงขากว้างป่าหลวมเก้าแต้มกางเกงลำลองหลวม S-3XLส่วนลด 10%,฿313฿165,ขายแล้ว 120 ชิ้น,ต่างประเทศ
D32เสื้อแขนสั้นใส่ได้ทั้งผู้หญิงและชายเสื้อผ้าแฟชั,฿29 - ฿59,ขายแล้ว 90 ชิ้น,จังหวัดสมุทรสาคร
T0433 เสื้อยืดคอกลมแฟชั่น  เสื้อยอดฮิตลายเสื้อแขนสั้นเสื้อแขนสั้นใส่ได้ทั้งผู้หญิงและชาย ลายแฟชั่น เสื้อผ้าแฟชั่นนานาชาต,฿25 - ฿48,ขายแล้ว 737 ชิ้น,จังหวัดสมุทรสาคร
LHSunshine 🌞 NEW​  เสื้อยืดสุดแนว คุมโทน 🧡 มิก​แอนด์​แมท ได้ทุกลุคส่วนลด 5%,฿92,ขายแล้ว 5.3พัน ชิ้น,จังหวัดกรุงเทพมหานคร
ใหม่！ยอดฮิตเสื้อทีเชิร์ตเสื้อยืดคอกลมแฟชั่นT-418,฿99฿45,ขายแล้ว 433 ชิ้น,จังหวัดสมุทรสาคร
YuenPuen ยืนพื้นผ้านุ่ม เสื้อยืดเปล่า เสื้อยืดสีพื้น เสื้อยืดคอกลม_สีพีช,฿100 - ฿140,ขายแล้ว 3.3พัน ชิ้น,จังหวัดกรุงเทพมหานคร
【เสื้อผ้าผู้ชายอาร์ต】M-3XL ฤดูร้อนผู้ชายเกาหลีหลวมคอกลมแขนสั้นเสื้อยืดแฟชั่นวาฟเฟิลลำลองครึ่งแขนเสื้อยืดส่วนลด 10%ซื้อ 5 ชิ้น ลด ฿30,฿138฿135,ขายแล้ว 468 ชิ้น,ต่างประเทศ
ขายดี 💥 Playboy รวมเสื้อยืดเพลย์บอย Cotton100%,฿99 - ฿159,ขายแล้ว 19 ชิ้น,จังหวัดนครปฐม
NIT กางเกงขาสั้นผู้ชายไซส์ใหญ่ ไซส์ใหญ่ ลำลองผ้าฝ้ายแท้ เนื้อผ้านุ่มใส่สบาย size：M-5XLส่วนลด 5%ซื้อ 3 ชิ้น ลด 2%,฿168฿87,ขายแล้ว 144 ชิ้น,ต่างประเทศ
ARROW_LITE ARROW LITE T-SHIRT คอกลมแขนสั้นผ้า Cotton สีเทาเข้มส่วนลด 15%ออกใบกำกับภาษี,฿290฿139,ขายแล้ว 874 ชิ้น,จังหวัดกรุงเทพมหานคร
⚡️ พร้อมส่ง⚡️เสื้อทีเชิร์ตเสื้อยืดคอกลมแฟชั่นส่วนลด 50%,฿78฿75,ขายแล้ว 1พัน ชิ้น,จังหวัดกรุงเทพมหานคร
Suikone เสือผ้าผู้ชาย เสื้อฮาวายเสื้อเชิ้ตแขนสั้นผู้ชายสไตล์จีนการพิมพ์จิตรกรรมภูมิทัศน์ เสื้อผู้ชายส่วนลด 10%ซื้อ 2 ชิ้น ลด 3%,฿301฿129,ขายแล้ว 55 ชิ้น,ต่างประเทศ
ฤดูร้อนใหม่ของผู้ชายชุดสูทเวอร์ชั่นเกาหลีของแนวโน้มของนักเรียนในช่วงฤดูร้อนผ้าไหมน้ำแข็งแฟชั่นเสื้อผ้าผู้ชายหล่อซื้อ 2 ชิ้น ลด ฿15,฿281 - ฿433,ขายแล้ว 6 ชิ้น,จังหวัดกรุงเทพมหานคร
7th Street X The Zign เสื้อยืด รุ่น WHEN002โค้ดลด ฿50ออกใบกำกับภาษี,฿350,ขายแล้ว 86 ชิ้น,จังหวัดกรุงเทพมหานคร
"OKADY ผู้ชาย Falling ขากว้างกีฬากางเกง,เอวสูง,ตรง,หลวม,บางกางเกงขายาวลำลองส่วนลด 10%",฿210฿99,ขายแล้ว 6 ชิ้น,ต่างประเทศ
��เสื้อยืด😚ปักอกเล็กๆ ใส่แล้วดูดีสุดๆ✨ SMLXLทรงตรงใส่ได้ชาย/หญิง🥰ผ้าคอตตอนไม่บางNo.91,฿109 - ฿195,ขายแล้ว 45 ชิ้น,จังหวัดอุดรธานี
"เสื้อผ้าผู้ชายลายสก๊อตผ้าวาฟเฟิลแขนสั้นทรงหลวม,เสื้อยืดเข้ากับทุกชุดถ้าชอบหลวมแนะนำให้เลือกขนาดใหญ่กว่าปกติค่ะ!SC5230",฿244฿98,ขายแล้ว 210 ชิ้น,ต่างประเทศ
เสื้อยืดแขนยาวทรงหลวมสไตล์เกาหลีสําหรับผู้ชาย 2021,฿262฿114,ขายแล้ว 1.7พัน ชิ้น,ต่างประเทศ
ผ้าฝ้าย 100%BP135 เสื้อยืด ชาติ ศาสน์ กษัตริย์ : กองทัพเรือS-3XL,฿189,,จังหวัดปทุมธานี
ใส่โค้ด FKNJ40 ลด 30 บาท เสื้อฮาวาย เสื้อเชิ้ต hawaii เชิ๊ตเกาหลี สินค้ามาใหม่ ผ้านิ่มขึ้น สไตล์เกาหลีมาแรง พร้อมส่งFK2ช้อปเพิ่มคุ้มกว่า,฿250฿149,ขายแล้ว 6พัน ชิ้น,จังหวัดปทุมธานี
กางเกงกีฬาขาสั้น เอวยางยืด ทรงหลวม สไตล์เกาหลี สําหรับผู้ชาย [M-3XL] สีดํา สีน้ําตาลแอปริคอทโค้ดลด ฿35รับสินค้าฟรี,฿403฿242,,ต่างประเทศ
กางเกงกีฬาขาสั้น เอวยางยืด ทรงหลวม สไตล์เกาหลี สําหรับผู้ชาย [M-5XL] สีดํา ขาว เทาโค้ดลด ฿35รับสินค้าฟรี,฿403฿242,,ต่างประเทศ
